id,student_name
R55760957,Carol Garrett
Z82057497,Maria Ramos
X96567897,Margaret Crawford
Z56757375,Russell Hall
Y02983797,Adam Mills
T13901644,Shawn Morris
J49512850,Christopher Young
X17221994,Gregory Alvarez
D60246228,Joan Ross
B14091308,Daniel Ortiz
P18190815,Carol Lewis
Q64975182,Judy Lopez
Y65353670,Randy Mendoza
B15503921,Roger Cruz
P27768886,Sean Carter
H29794398,Brenda Oliver
Q44647026,Amanda Mendoza
J62735693,Jesse Shaw
B74651907,Louise Hawkins
R19761035,Victor Warren
Z82253601,Jonathan Lawson
Y98920155,Ernest Weaver
B09491641,Lori Perkins
Q05047455,Jerry Simpson
G99936344,Janice Cox
D76803650,Carolyn Bennett
C89723360,Willie Carter
J07204605,Julia Hughes
S61033754,Robert Fernandez
J22243725,Margaret Mendoza
V89769004,Gregory King
I82557511,Andrea Stanley
Z29217402,Shirley Rivera
S48020441,Judith Hart
W35620572,Frank Young
M75077151,Bobby Bishop
X63674406,Nancy Warren
M53774814,Anthony Wright
U18145778,Steve Washington
P19267384,David Peters
E50706279,Keith Black
D22582200,Harold Brown
I99507827,Janet Hernandez
W34300112,Victor Banks
L12124019,Raymond Cooper
L38991972,Tammy Wells
X53368014,Barbara Burns
F76454036,Annie Palmer
H74012725,Helen Morris
I30983484,Paula Mason
Q17897071,Tina Warren
P96670970,David Sullivan
N16077530,Joyce Carpenter
J76055345,Ralph Gomez
Y95363796,Beverly Harrison
G77179495,Randy Medina
T43224464,Donna Thomas
V77258701,Frank Henderson
B23884802,Carlos Reed
L88629172,Kathleen Schmidt
C44613554,Phyllis Garcia
S22567377,Douglas Hughes
L82818158,Joan Lawrence
A70846375,Laura Howell
P04839226,Victor Roberts
C05841515,Alice Gordon
F31738552,Paula Simpson
V49223089,Michelle Miller
X91516399,Patricia Wheeler
G52912598,Heather Hall
D48904875,Keith Hughes
E92957751,Debra Franklin
W96927251,Victor Stewart
T47087685,Helen Adams
N35410188,Jessica Berry
M16131223,Randy Johnson
C80348608,Kimberly Berry
Z59503795,Douglas Perez
Y23176649,Samuel Day
O44628713,Patricia Mendoza
W12197061,Todd Spencer
F86146695,Anne Fox
P65013743,Carol Bishop
C51592548,Anna Kennedy
T06386642,Craig Lopez
B51864018,Philip Perez
V77138694,Christopher Daniels
F68574021,Jose Bowman
F91361311,Ronald Washington
S17884759,Alan Gibson
X11117873,Frances Sims
R87745093,Stephanie Burke
B02289959,Shawn Banks
O66580885,Steve George
W55276026,Bobby Marshall
O26595091,Ann Dixon
M92322195,Samuel Ford
V69631503,Jeffrey Duncan
R17074107,Tammy Gibson
Y51826254,Martha Price
G27489928,Willie Greene
X20597836,Judy Austin
C49952849,Rachel Porter
R66275464,Amanda Long
R02220519,Virginia Ramos
W03102989,Denise Cox
P83061531,Jimmy Reyes
R82288384,Susan West
Z17418796,Chris Hamilton
C36563771,James Ward
K76791307,Evelyn Parker
U41263407,Kimberly Kim
T61832538,Jean Davis
S49093212,Howard Brooks
U42609875,Donna Adams
P62209458,Eugene Thomas
L15925267,Eugene Burke
D72472683,Kelly Morrison
M19726963,Mark Perry
E36651473,Anthony Nguyen
E95429113,Melissa Russell
D83358052,Lawrence Hunt
L72974514,Janice Chapman
Q95910183,Phyllis Kennedy
S36133785,Lois Fisher
N47344354,Alice Edwards
W08834087,Jack Crawford
V53160418,Bobby Mason
P71119326,Joe Tucker
T39449215,Patricia Ross
T78434602,Mildred Austin
R17279111,Martin Harrison
E62171300,Paula James
E24127015,Cynthia Dean
S45032299,Irene Wallace
T85980350,Ralph Mccoy
K20701998,Nancy Payne
W72666009,Eugene Scott
S06747627,Howard Ramos
T76782997,Nancy Martin
K33256143,David Riley
Y24290978,Lisa Arnold
W49559569,Albert Adams
I72987919,Shirley Little
E46085266,Stephanie Harper
V85524086,Janice Washington
H44046954,Christine Mitchell
R48652137,Thomas Boyd
H98944067,Ronald Miller
U74437141,Louis Ward
S45112853,Sarah West
O64906461,Martha Miller
W63209449,Tammy Nichols
C13725106,David Bishop
O46662688,Emily Ross
L42380255,Johnny Phillips
X24851020,Louis Lawrence
B99299435,Sean Jacobs
E57965007,Victor Gomez
P97723758,Clarence Watson
T35336973,Nicholas Harvey
W76999603,Martin Bennett
T46819199,Beverly Ward
A54005789,Jacqueline Castillo
L81360373,Ralph Kim
Q37480439,Jonathan Gray
A97899363,Roy Spencer
Z66486735,Cynthia Webb
U15259306,Carl Mitchell
V40256301,Deborah Hill
L01500137,Donna Smith
U68334698,Larry Barnes
M32679364,Ruth Porter
D49653364,Dennis Hayes
L66107011,Sharon Bennett
N86461820,Elizabeth Alexander
X60267168,Rachel Graham
K20105576,Louise Long
K93876708,Jerry Peterson
J32915166,Steven Jenkins
L91176801,Norma Black
C30529463,Alan Frazier
U98607401,George Morgan
P93736314,Frances Bailey
E94757563,Kathryn Jordan
G38234348,Peter Nelson
H56329037,Walter Sanchez
E07242662,Kenneth Johnston
Q03994330,Phyllis Rogers
N84150029,Walter Turner
O61007169,Bobby Ramirez
T78122421,Patrick George
F08197126,Rebecca Mccoy
M17286580,Jason Vasquez
S27411215,Gerald Sims
F99536747,Martha Torres
E53248353,Debra Rivera
K02904867,Michael West
P40695906,Alice Cruz
A51150126,Amanda Robertson
N38158472,Phyllis Lynch
F34468818,Philip Lawrence
V74921724,Kenneth Henderson
Y12517885,Kathy Gordon
B08062386,Mildred Greene
Q43715492,Phyllis Stephens
E33616257,Kathleen Edwards
A24457410,Timothy Knight
G85898626,Charles Price
L72898611,Bruce Stevens
K06591692,Irene Ray
T40208834,Daniel Garza
F67270375,Betty Sanchez
C55162732,Matthew Tucker
D91863362,Irene Thompson
O37377229,Steven Lewis
Q58318600,Sara Thompson
D99202357,Laura Hansen
J03024798,Robert Gonzales
P30466135,Rebecca Frazier
O30847740,Janet Ross
A13396458,John Gonzalez
M92287767,Paul Ramirez
H51848127,Gloria Castillo
Q82929156,Roger Powell
P65483968,Bonnie Morris
X23989172,Lawrence Anderson
V54273229,Christina Sanders
V83061921,Nicholas Thomas
F46534661,Cynthia Freeman
P85897223,Judy Ford
Q99407273,Randy Daniels
A62138403,Andrea Hart
K16678308,Denise Greene
N94411126,Steve Lopez
W93475516,Tina Thompson
K18471866,Joe Martinez
X92200819,Michelle Lane
U59483053,Patrick Castillo
A85425086,Timothy Patterson
U33118583,Wayne Wagner
Y45490364,James Alvarez
H57437875,Jack Myers
F49520255,Joan White
E18459570,Chris Kim
L05251575,Donald Martin
B82555637,Raymond Freeman
K79687023,Elizabeth Adams
O08051810,Sandra Campbell
T56778393,Heather Welch
Y11147083,Kenneth Rogers
J41629383,Timothy Parker
H54033551,Edward Ortiz
U37033162,Doris Price
J76819332,Marie Mccoy
O63796215,Michael Johnston
F70673352,Jimmy Cooper
G33934284,Henry Walker
Z18997785,Annie Garrett
U99988560,Victor Hamilton
J61199698,Jack Carpenter
L06835845,Melissa Harrison
R40675729,Christina Cox
E00908069,Diane Foster
L40127091,Thomas Banks
Z83991167,Diana Lawson
X18267985,Donald Spencer
V38529219,Victor Alexander
J64634261,Rose Phillips
W14492629,Juan Gordon
J91534874,Andrew Burton
Z80158531,Carlos White
C00463158,Anthony George
F34196814,Joyce Daniels
L78837774,Donna Ruiz
O51234458,Janice Elliott
Z55122332,Arthur Chapman
C41867509,Shirley Flores
O91508660,Jose Cruz
C39328242,Diane Nelson
N74893142,Howard Peters
A30913864,Samuel Sullivan
Z35336413,Jeffrey Mills
C18116642,Joe Chavez
S86057794,Peter Brown
O93238859,Matthew Jacobs
H58955123,Barbara Morrison
B84606280,Susan Mitchell
L04944630,Heather Gibson
K70763278,Angela Fowler
E48804849,Janet Edwards
L02230272,Robin Lawson
Q22476120,Beverly Wheeler
W93035659,Melissa Collins
S04616805,Katherine Barnes
R77692548,Katherine Henderson
O21902829,Benjamin Bailey
C48200433,Virginia Wells
A49482444,Katherine Ruiz
E17088754,Lois Diaz
P32358000,Jonathan Cunningham
M91850259,Victor Reyes
Y83425287,Russell Franklin
B78565968,Samuel Simpson
V53521721,Daniel Barnes
D12885759,Aaron Snyder
S49210351,Lillian Gutierrez
G36414668,Ralph Rose
V34347609,Gerald Franklin
G61805378,Samuel Daniels
K49545227,Evelyn Peterson
I12030655,Craig Montgomery
M19967393,James Wheeler
M24768415,Catherine Garrett
B23389606,Frances Evans
X13654909,Joan Reyes
X81709531,Virginia Ford
Y17076472,Antonio Hart
C63917638,Richard Duncan
M93616341,Barbara Lynch
A52490841,Jean Phillips
L63405784,Frances Riley
B84249750,Paula Smith
T61559886,Carl Taylor
A84110376,Keith Larson
R89674088,George Olson
X98823620,Sharon Greene
E34279104,Rebecca Anderson
E38362170,Todd Walker
B98082209,Chris Rodriguez
Q02765808,Frank Peters
A71940486,Lori Allen
G07236632,Ryan Brooks
F12874079,Helen Hunt
H75418428,Martha Rodriguez
T14817858,Roy Johnson
P56770702,Carl Scott
R09415747,Marilyn Clark
N21927501,Margaret Mcdonald
N33162787,Willie Stewart
C88726483,Jennifer Greene
D62071507,Gary Johnson
H11647820,Lois Sanders
A37179587,Raymond Schmidt
T48613056,Annie Morris
E84614614,Kimberly Gonzales
X46246489,Carl Woods
C91009556,James Rose
H12714076,Maria Palmer
U71198916,Lois Hanson
W05456405,Sharon Owens
S50376665,Beverly Griffin
K71064904,Julia Jackson
Z30710634,Kenneth Carpenter
R10429435,Lois Matthews
R11031949,Debra Hernandez
E17145641,Judith Moreno
A19232873,Fred Franklin
Z21626343,Willie Brown
A96914386,Juan Simmons
P91915082,Roy Ramos
I52488230,Theresa Hamilton
H03412366,George Hernandez
V99323516,Joseph Reid
W31749181,Ann Griffin
D17902465,Rebecca Olson
E53212919,Shirley Larson
X10541017,Gary Wallace
E63933803,Denise Mendoza
V36179348,Antonio Kim
Z78510593,Shawn Cole
S36272725,Lisa Morgan
A46588339,William Diaz
M41663687,William Thompson
Y02556441,Shawn Allen
E11282724,Juan Rogers
F82633252,Kathleen Palmer
P63811458,Joseph Stanley
X15827726,Carlos Roberts
H89012529,Benjamin Carr
O99902956,Mark Schmidt
V30910222,Ann Smith
C77939877,Bruce Morales
H93893847,Julie Washington
M15464406,Elizabeth Sanchez
C25100569,Douglas Hill
J09946545,Rose Pierce
P09226601,Diane Robertson
Y13383481,Sharon Jordan
G55857030,Gerald Mendoza
S52137659,Kathy Moreno
N25257125,Nicole Ortiz
H58321043,Donna Murray
M95688371,Mary Evans
E67916530,Beverly Greene
Z75835101,Jonathan Bishop
D72033812,Karen Peters
H57461512,Kevin Johnson
N10628097,Raymond Tucker
R06149897,Theresa Robertson
O48270751,Earl Willis
L02646646,Charles Cooper
I88174580,Bonnie Sullivan
K24566791,Anthony Bradley
L97742187,Catherine Cox
L13712936,Anthony James
Q76183357,Janice Taylor
H31519205,Steve Russell
J29347285,Gregory Payne
C53441412,Howard Harris
D37071480,Teresa Andrews
O34680177,Nicholas Fisher
U86792460,Emily Bishop
Q09000838,Donald Evans
B19608416,Sean Freeman
C41982975,Sharon Fernandez
O35600834,Thomas Stanley
I50577289,Helen Clark
E81901660,Aaron Wilson
P84049775,Nicholas Elliott
P89978844,Patricia Harrison
Z98054181,Kathleen Myers
G38755612,Shawn Crawford
Y55562623,Mark Hanson
Q09118476,Paula Bailey
R40215598,Sharon Henderson
B28605304,Karen Kelley
L86681676,Chris Mcdonald
W13392006,Keith Rice
X97906291,Peter Jones
M63362725,Jerry Harvey
R55450275,Cheryl Hart
B47425283,Patrick Gomez
Q51073159,Sharon Berry
F34782562,Christine West
G54161345,Juan Harris
H45848580,Lisa Vasquez
Z79329620,Melissa Carroll
D39633491,Jonathan Turner
B67375955,Helen Ford
Q30093683,Norma Stephens
N34532862,Benjamin Richardson
E80848122,Shirley Burns
U45521254,Anna Tucker
O53180560,Steve Daniels
U32936985,Cheryl Burke
J93079488,Melissa Nelson
Q26498460,Juan Hicks
M13245613,Howard Hanson
S82004953,Sarah Ramirez
S60239838,Steve Riley
H71455738,Linda Simmons
M33059797,Marilyn Richardson
G16870554,Howard Harrison
K58803530,Deborah Barnes
Y85498122,Lawrence Crawford
Y55237233,Donna Romero
W98190757,Wayne Hunter
Q63632262,Karen Knight
E63550899,Steven Cooper
P48207035,Lillian Cruz
I39622870,Ann Flores
M29973055,Denise Gonzalez
W97928883,Terry Nichols
E74692678,Alan Edwards
V77926543,Jacqueline Martin
Z42621758,Sean Daniels
U10665388,Terry Schmidt
R57154375,Judy Brown
Z81460778,Jason Moore
W44938232,Arthur Black
V23412553,Angela Montgomery
C36630395,Judy Matthews
R93132689,Jacqueline Sims
P97300642,Lillian Riley
D47749435,Lori Reyes
A76149105,Nicole Roberts
J19080705,Anna Willis
P61245681,Margaret Andrews
H21744071,Ashley Bennett
H41209898,Rebecca Gardner
L79943367,Amanda Fuller
G28270940,Mark Lane
V27258462,Arthur Montgomery
X77753855,Louis Marshall
K30617048,Anna Ray
P96658402,Douglas Nichols
X42016197,Denise Harris
M27725706,Ruby Fox
O04785687,Julia Murphy
X89558148,Gloria Sanders
N26149134,Andrew Moreno
N60100649,Samuel Murray
R73689576,Ralph Elliott
P50671397,Joyce Taylor
T43294180,George Wright
K17868685,Ashley Parker
M06652312,Anne Watkins
U76565910,Samuel Gray
F09910577,Russell Wells
K70772295,Willie Payne
W32255678,Edward Elliott
Q54715878,Robin Hughes
Y72619153,Thomas Gordon
V95969541,Kenneth Allen
T76007032,Douglas Alexander
Y86209664,Jack Burton
J54864619,Donald Walker
F94151620,Lawrence Kelly
I68702999,Martha Jordan
M94249199,Adam Anderson
U47347254,Kelly Mcdonald
M40777765,Frank Ellis
K73205935,Philip Bell
Q99863348,Chris Watkins
G67582664,Philip Wagner
K14827927,Mark Alvarez
R24275563,Diane Rice
J66488787,Bobby Moreno
Z70733718,Deborah Spencer
X77674062,Jacqueline Kelly
G80213384,Jeremy Andrews
B25003090,Heather Gilbert
H48117043,Henry Nelson
Y42380164,Ashley Pierce
G44960297,Jonathan Mendoza
Y72606017,Joan Rogers
U38878050,Timothy Garcia
Q72074730,Matthew Rose
B66417855,Anne Richards
X55529509,Brian Harper
O93217762,Lawrence Romero
L36145942,Henry Fuller
H04507078,Roger Ramos
G87708173,Betty Roberts
Y72259332,Arthur Johnson
F49325922,Richard Myers
R78949907,Jimmy Wilson
R07896693,Nicholas Rose
O33393061,Shawn Adams
K03218605,Dorothy Price
E15788461,Jessica Watson
V92961061,William Gordon
T96424350,Louis Bryant
X06590668,Cheryl Marshall
S97086278,Joseph Thomas
V43044207,Kathryn Anderson
C23321750,Frank Little
F10101564,Carlos Carpenter
Y88603989,Katherine Bryant
Z69317090,Bruce Carroll
L03971757,Catherine Rivera
X11802733,Billy Dixon
E95156861,Nicole Castillo
N24103293,Edward Harris
I20128019,Fred Nguyen
O40050364,Carlos Garcia
J67310079,Juan Welch
K84489258,Steven Crawford
X62003748,Patricia White
U33160008,Nancy Jacobs
A61146714,Kevin Bryant
Z86707946,Jennifer Hernandez
L71508131,Fred Fowler
Q59130904,Eugene Powell
C39787409,Jason Weaver
I87601276,Raymond Thompson
S12712251,Victor Chavez
H62435994,Kelly Greene
F28997800,Chris Hughes
Z67387551,Kathy Perry
S27614952,Roger Hernandez
Q16914716,Randy Reyes
X22113311,Peter Olson
Q26814755,Donald Alvarez
Y13243574,Donna Myers
H45104964,Diana Allen
J78182058,Emily Garcia
M38037863,Antonio Barnes
X86031560,Mary Thompson
U54010807,Helen Austin
R80811725,Tammy Johnston
W58669291,Deborah Romero
Q72858513,Denise Hayes
J75454837,Denise Andrews
G65735403,Kenneth Shaw
C83705786,Gregory Olson
B31250689,Steve Russell
I44610508,Diana Hart
Z50458826,Richard Powell
E66810281,Kathy Lawson
B64372626,Victor Ellis
T32738441,Terry Bishop
Z80077256,Rose Oliver
A84820565,Phyllis Nelson
C77747453,Justin Cunningham
I25189796,Frank Stone
B94862088,Kelly Jackson
Y80574079,Doris Jenkins
P38974078,Patrick Ortiz
J50993687,Angela Fields
R66667477,Gloria Day
F84669190,Doris Webb
Q73750799,Jessica Henry
U39207964,Shirley Hamilton
T36019059,Benjamin Long
P57076932,Billy Freeman
Q79010186,Johnny Nguyen
S36560443,Gloria Nichols
I58122447,Robert Henry
Q64939921,Brian Richards
I80032658,Kelly George
D30616756,Johnny Lane
M73998180,Beverly Mcdonald
Q29665834,Jonathan Lane
Y56731688,Justin Fox
H22149282,Kevin Watkins
S89964494,Lawrence Ward
R70730032,Denise Rogers
J45806892,Edward Diaz
Y04260040,Terry Gutierrez
M74429781,Cheryl Marshall
G07460901,Ruth Lewis
A13087126,Bonnie Pierce
M00484480,Linda Watkins
X86494373,Janice Banks
W08526048,Howard Austin
U34286736,Billy Ellis
V90517116,John Powell
K65509731,Joyce Hansen
Q31830568,Raymond Weaver
S00289622,Elizabeth Kim
I32391046,Donald Bennett
Q17859641,Christine Washington
W05423781,Steven Gonzales
G21086236,Eugene Henderson
G25410089,Matthew Mason
Y25149269,Steven Wright
H62533210,Pamela Williamson
F82107934,Kevin Clark
F86776843,Keith Alexander
V06206379,Kenneth Lane
M01459824,Helen King
V95781243,Joshua Hamilton
C83963945,Ronald Woods
O10131336,Karen Howell
D29308726,Janet Snyder
U49492966,Katherine Bennett
L15639974,Brenda Bailey
O10416094,Anthony Lawrence
U82966263,Sharon Long
Q98459951,Susan Cox
M98720724,Janet Kim
U65626992,Irene Schmidt
C50467115,Rachel Gutierrez
K66834073,Paula Burton
L96116168,Rose Simmons
Q52875707,Sarah Woods
U29124516,Rachel Harper
V13606226,Emily Phillips
D68339819,Dorothy Hayes
N59670030,Laura Bell
V09292863,Patrick Warren
J97406011,Joshua Kennedy
S48604135,Antonio Henderson
W18884633,Charles Garrett
G41400279,Tammy Garrett
W95843576,Amy Palmer
R30025812,Janice Lee
H02605204,Henry Grant
D99235624,Stephanie Peterson
W87317123,Julia Romero
A23626181,Debra Little
J42718307,Christine Perry
Y42656963,Donald Jones
F78915612,Laura Foster
L39527847,Julie Miller
W28299467,Phillip Sims
O34913007,Dennis Andrews
O78950840,Diane Foster
X40497639,Andrea Fernandez
H29659633,Frank Alvarez
S52591693,Joe Holmes
C17050368,Ralph White
P23806990,Alice Knight
K24325696,Carolyn Mitchell
Z00090388,Julia Fields
O87996751,David Thompson
O95520040,Lori Banks
V41994505,Julia Wells
J27089065,Andrea Martinez
A68673859,Timothy Myers
Q61887401,Robert Black
L49991099,Janet Tucker
D03703100,Kelly Bailey
J15930679,Bonnie Peters
S64754057,Alan Barnes
J77991852,Alice Warren
V87901514,James Owens
L43683346,Anne Thompson
L61188330,Angela Robinson
A42862575,Chris Mitchell
T17998046,Thomas Franklin
F94864426,Louis Nelson
J62245701,Carl Richardson
A36563605,Marilyn Murray
I32924539,Denise Smith
N66297622,Beverly Rogers
R17388104,Jacqueline Stanley
L50585117,Helen Harrison
F26162211,Elizabeth Bailey
M81674798,Ruth Hicks
G69954800,Wanda Hart
F09051975,Paul Hunt
Q74231590,Phillip Williamson
L61964738,Nicholas Stewart
J81457177,Elizabeth Gonzales
N85382787,Ralph Miller
G28077819,Edward Wagner
O07164025,Sara Johnson
K26670795,Elizabeth Franklin
T22298594,John Adams
U32533972,Steven Bell
S78097800,Bonnie Riley
O17573440,Michelle Richardson
X22154196,Carl Baker
M98289261,Bruce Mccoy
C85838888,Alan Harper
E67571884,Walter Warren
X56009895,Christine Chavez
W80142762,Daniel Alvarez
Y78875557,Carl Wright
X70519283,John Ortiz
Z20450671,Brandon Jordan
N84531884,Tina Lawrence
N08142094,Jeremy Ortiz
L94104364,Willie Berry
Y51145994,Shirley Mccoy
B10135536,Billy Bell
C02331078,Andrew Johnson
D76602253,Virginia Hughes
I32608384,Jason Wallace
N51305980,Harold Grant
G24310651,Betty Patterson
L35009547,Steve Ortiz
A08532720,Bobby Edwards
E44379871,Catherine Bishop
B26945637,Gerald Fowler
V88429286,Betty Simmons
A88842643,Ann Robinson
W01203025,Ronald Lawrence
N62661348,Clarence Gray
D94822056,Clarence Fowler
A52232163,Robin Morgan
M36527680,Doris Jordan
Q89299220,Anna Phillips
Z75284952,Marilyn Woods
T73430373,Roger Ramirez
R04392597,Douglas Murphy
A32720345,Ashley James
S72577102,Arthur Matthews
G15690946,Billy Murray
W18358877,Shirley Martin
R17238929,Joseph Montgomery
M11277290,Barbara Cunningham
H92588174,Adam Spencer
M49383251,Roger Wilson
E21640369,Earl Ruiz
A79758430,Joyce Bennett
A75827167,Eugene Bryant
A77572664,Earl Jordan
B82440249,Doris Stone
K15389675,Sara Brown
Y51510539,Jose Willis
A59855087,Shirley Porter
F08057831,William Watkins
A45046355,Theresa Alexander
B77502567,Brenda Nelson
I63688560,Brandon Long
N48999345,Lori Dunn
L45075193,James Bailey
F74633445,Adam Burns
Z68202357,Joyce Burke
A75166607,Karen Foster
K63717853,Judith Weaver
G87205034,Ryan George
V68685756,Brandon Ray
I08027369,Jesse Reed
L88360860,Kenneth Morrison
H08272984,Wanda Bryant
H26702564,Marilyn Kelly
N74795576,Rachel Mills
L91614285,Beverly Brown
Z80716891,William Lee
S76030025,Ruby Garcia
M83983806,Debra Sanders
T63920996,Sara Arnold
P63174475,Steven West
L15403860,Kelly Chapman
E48604146,Jonathan Meyer
S00293534,Nicole Campbell
W50988151,Anne Mendoza
V68904358,Kenneth Brooks
B00178505,Teresa Baker
H54654845,Bruce Ramirez
M67648824,Alice Hart
G14923868,Adam Hansen
B59431517,Aaron Fisher
J73859445,Andrea Cooper
B34734947,William Perez
W25673197,Kathleen Hall
X48412304,Craig Hunt
L87642669,Maria Payne
A20703103,Doris Foster
Y10880952,Randy Reed
Q72246806,Charles Nelson
O44803581,Margaret Moreno
F32750389,Jimmy Little
W52002817,Kathy Rose
S40014657,Earl Stanley
O12886753,Christine Bryant
R36011266,Martha Olson
U55883457,Nicholas Peterson
C76107798,Jose Morrison
H23627377,Emily Johnston
G11005555,Denise Hernandez
C96319410,Virginia Ortiz
W64402049,Judith Ryan
F95253086,Amanda Stanley
L00784796,Bonnie Mccoy
Y09579118,Emily Knight
D05147314,Doris Washington
T59725248,Kelly Jackson
N66360005,Beverly Mccoy
F34197038,Harold Brooks
I57294140,Jane Owens
F40257493,Tina Anderson
U88305516,Frank Stanley
K00902395,Harold Parker
Z63373670,Rose Lynch
Y06747800,Benjamin Kennedy
Y13326575,Ryan Stewart
M49664005,Phyllis Ryan
L24064111,Antonio Wright
D73652740,Christine Dean
Y82132501,Frances Gardner
E10286613,Kevin Miller
V11023002,Jessica Morgan
L02785039,Frances Webb
S76023094,Stephanie Gibson
S34451475,Jose Alvarez
K69181460,Jessica Thompson
K64454056,Annie Stephens
Y72405360,Ann Ford
W47223356,George Little
Z89823103,Matthew Lopez
N64848964,Kathleen Ross
L58168818,Craig Peters
F78097566,Mary Vasquez
X30765018,Harold Gray
N46187653,Brian Rogers
R70484960,John Ellis
D96330406,Paula Wallace
A85007873,Wayne Walker
U31730974,Carolyn Montgomery
S61761602,Ruby Reynolds
Z53638210,Dorothy Bennett
J27618363,Thomas Lawson
J39888713,Stephanie Matthews
T29636330,Rachel Henderson
Y81990957,Lillian Russell
M02279656,Irene Oliver
L69406599,Christina Andrews
M25285239,Randy Murphy
A12036985,Carlos Ramos
M06404375,Karen Elliott
G87760778,Lisa Bowman
W37294253,Daniel Bell
I66865743,Kelly Brown
K79714725,Bruce Hawkins
F11092289,Julie Watkins
N09058821,George Reynolds
O53481841,Christina Wallace
V58859059,Anne Rose
F93630435,Gary Romero
X07387806,Wanda Wheeler
F95379028,Jerry Baker
C68954740,Wanda Stewart
Q02423073,Craig Lawrence
W85167687,Carlos Evans
O14744590,Virginia Bowman
T90053551,George Gonzalez
V85448507,Jacqueline Stephens
V26579924,Joseph Holmes
C01376838,Brian Wright
L01783818,Janet Brown
F34308980,Joseph Day
Y17532861,Debra Ramirez
P51125560,William Nichols
N81588724,Albert Riley
B83837299,Helen Harrison
I00267191,Thomas Robinson
J67909322,Terry Spencer
H08546612,Charles Wright
G87825179,Carlos Watson
F27133785,Jack Davis
E24747274,Diane Carroll
I73291617,Bruce Torres
Q55796788,Theresa Morrison
V52433797,John Russell
H41732577,Sandra Harris
V35430243,Michael Sanders
E98516621,Arthur Owens
J40896697,Terry Bennett
U09276917,Dorothy Freeman
C33576423,Lois Wells
H47664227,Ryan Reyes
K42254924,Doris Mccoy
A41919551,Phyllis Lawrence
S18726366,Betty Black
R88441000,Margaret Morales
R37002867,Gregory Martin
D66842047,Linda Harper
T82201369,Kathryn Davis
R78509566,Matthew Arnold
Y26130227,Ernest Meyer
N70534924,Jeremy Reed
V56714230,Michael Carpenter
C72934037,Gregory Garza
B45755476,Jeremy Fields
A12740918,Christine Hudson
G70058717,David Hawkins
C13335470,Harry Stewart
S99593615,Brian Bradley
P89834207,David Hall
W44151405,Anna Oliver
K95336299,Denise Gonzales
U28879445,Julie Mills
S95107961,Maria Griffin
C15216943,Phillip Gardner
E86682060,Annie Hall
T54854096,Scott Mcdonald
Z52660986,Henry Phillips
F73257046,Harold Campbell
A06189700,Chris Mills
S69513136,Cynthia Graham
D10150262,Raymond Rice
A71195982,Cynthia Mills
J80612711,Jean Burton
C56146334,James Berry
P42197008,Jerry Mendoza
I08559933,Eugene Bryant
E08992766,Anne Baker
K09062765,Linda Nichols
Z46612623,Patrick Greene
D38586185,Lori Foster
H36001892,Louis Alvarez
V35306615,Justin Nelson
T84753992,Jack Long
K54579499,Jacqueline Stanley
J27348939,Daniel Simpson
M28344598,Louise Chavez
D45199288,Norma Morris
J74974281,Lori Roberts
J88255387,Nicole Davis
W26659981,Maria Knight
D38511830,Brian Owens
Z95589737,Lisa Evans
M73273336,Matthew Lewis
C01261650,Denise Palmer
J30771917,Rebecca Hudson
M90795296,Catherine Nichols
W15080884,Bruce Pierce
N16963668,Robert Sanders
N10744177,Ronald Crawford
V44112394,Henry Griffin
G29590801,George Wagner
Q52035393,Bobby Gonzalez
C65707253,John Young
C25542995,Phyllis Reyes
E61989462,Benjamin Little
P95443880,Louise Robinson
F05324933,Jesse Bryant
X24089164,Tina Fuller
Z21767987,Clarence Reyes
T09843037,Jessica Spencer
I26626175,Terry Anderson
X98130061,Randy Hunter
Q46075147,Matthew Evans
V93563084,Eric Johnson
B09484175,Peter Andrews
Y39125753,David Alexander
I76505523,Phyllis Thomas
Y58643984,Helen Riley
D66333473,Diane Cook
U19598317,Harold Boyd
H39720401,Gregory Austin
I08768353,Joyce Mitchell
S32438702,Anne Kennedy
P18744914,Ruth Moore
